case_name,docket_number,date_filed,court,payment_found,payment_amount,outcome,url
"The Board of Regents of the University of Texas System, the University of Texas System, and the University of Texas M.D. Anderson Cancer Center v. Gensetix, Inc. (Tex. App.-Houston [15th Dist.] 2025)",15-25-00011-CV,2025-06-09,"Texas Court of Appeals, 15th District",0,,unknown,https://www.courtlistener.com/opinion/10605154/the-board-of-regents-of-the-university-of-texas-system-the-university-of/?q=%22Patent+Marking%22&type=o&order_by=dateFiled+desc&stat_Published=on&page=1
"Facet Technology Corp. v. TomTom International B.V., et al. (D.N.H. 2025)",24-cv-00111-PB,2025-01-28,"District Court, D. New Hampshire",0,,plaintiff_win,https://www.courtlistener.com/opinion/10695284/facet-technology-corp-v-tomtom-international-bv-et-al/?q=%22Patent+Marking%22&type=o&order_by=dateFiled+desc&stat_Published=on&page=1
"State ex rel. Leibowitz v. Family Vision Care, LLC (Ill. App. Ct. 2019)",1-18-0697,2019-07-11,Appellate Court of Illinois,0,,settled,https://www.courtlistener.com/opinion/4638512/state-ex-rel-leibowitz-v-family-vision-care-llc/?q=%22Patent+Marking%22&type=o&order_by=dateFiled+desc&stat_Published=on&page=1
"Asia Vital Components Co., Ltd. v. Asetek Danmark A/S (N.D. Cal. 2019)",Case No. 16-cv-07160-JST,2019-03-15,"District Court, N.D. California",0,,settled,https://www.courtlistener.com/opinion/7335678/asia-vital-components-co-ltd-v-asetek-danmark-as/?q=%22Patent+Marking%22&type=o&order_by=dateFiled+desc&stat_Published=on&page=1
"Zimmer Surgical, Inc. v. Stryker Corp. (D. Del. 2019)",Civil Action No. 16-679-RGA,2019-03-07,"District Court, D. Delaware",0,,unknown,https://www.courtlistener.com/opinion/7334674/zimmer-surgical-inc-v-stryker-corp/?q=%22Patent+Marking%22&type=o&order_by=dateFiled+desc&stat_Published=on&page=1
"GRABBA-LEAF, LLC v. Department of Business and Professional etc. (Fla. Dist. Ct. App. 2018)",16-4273,2018-11-06,District Court of Appeal of Florida,0,,settled,https://www.courtlistener.com/opinion/4550986/grabba-leaf-llc-v-department-of-business-and-professional-etc/?q=%22Patent+Marking%22&type=o&order_by=dateFiled+desc&stat_Published=on&page=1
"Armor All/STP Prods. Co. v. Tsi Prods., Inc. (D. Conn. 2018)",No. 3:17-cv-1131 (MPS),2018-08-30,"District Court, D. Connecticut",0,,unknown,https://www.courtlistener.com/opinion/7332384/armor-allstp-prods-co-v-tsi-prods-inc/?q=%22Patent+Marking%22&type=o&order_by=dateFiled+desc&stat_Published=on&page=1
"Chamberlain Grp., Inc. v. Techtronic Indus. Co. (E.D. Ill. 2018)",Case No. 16 C 6097,2018-05-23,"District Court, E.D. Illinois",1,"$8,033,942.73",unknown,https://www.courtlistener.com/opinion/8344102/chamberlain-grp-inc-v-techtronic-indus-co/?q=%22Patent+Marking%22&type=o&order_by=dateFiled+desc&stat_Published=on&page=1
"Neonatal Prod. Grp., Inc. v. Shields (D. Kan. 2018)",Case No. 13–2601–DDC–KGS,2018-02-28,,0,,unknown,https://www.courtlistener.com/opinion/7330378/neonatal-prod-grp-inc-v-shields/?q=%22Patent+Marking%22&type=o&order_by=dateFiled+desc&stat_Published=on&page=1
Arctic Cat Inc. v. Bombardier Recreational Products Inc. (Fed. Cir. 2017),2017-1475,2017-12-07,,0,,unknown,https://www.courtlistener.com/opinion/4449320/arctic-cat-inc-v-bombardier-recreational-products-inc/?q=%22Patent+Marking%22&type=o&order_by=dateFiled+desc&stat_Published=on&page=1
"Rembrandt Wireless Technologies, LP v. Samsung Electronics Co. (Fed. Cir. 2017)",2016-1729,2017-04-17,,0,,unknown,https://www.courtlistener.com/opinion/4383403/rembrandt-wireless-technologies-lp-v-samsung-electronics-co/?q=%22Patent+Marking%22&type=o&order_by=dateFiled+desc&stat_Published=on&page=1
"Glycobiosciences, Inc. v. Innocutis Holdings, LLC (D.D.C. 2016)",Civil Action No. 2012-1901,2016-05-24,,0,,unknown,https://www.courtlistener.com/opinion/3206305/glycobiosciences-inc-v-innocutis-holdings-llc/?q=%22Patent+Marking%22&type=o&order_by=dateFiled+desc&stat_Published=on&page=1
"Exmark Manufacturing Co. v. Briggs & Stratton Power Products Group, LLC (D. Neb. 2016)",8:10CV187,2016-05-11,,0,,unknown,https://www.courtlistener.com/opinion/7320283/exmark-manufacturing-co-v-briggs-stratton-power-products-group-llc/?q=%22Patent+Marking%22&type=o&order_by=dateFiled+desc&stat_Published=on&page=1
"The Original Brooklyn Water Bagel Co., Inc. v. Bersin Bagel Group, LLC (11th Cir. 2016)",15-11748,2016-03-25,,0,,unknown,https://www.courtlistener.com/opinion/3188989/the-original-brooklyn-water-bagel-co-inc-v-bersin-bagel-group-llc/?q=%22Patent+Marking%22&type=o&order_by=dateFiled+desc&stat_Published=on&page=1
"Inline Packaging, LLC v. Graphic Packaging International, Inc. (D. Minnesota 2016)",Civil No. 15-3183 ADM/LIB,2016-02-23,,0,,unknown,https://www.courtlistener.com/opinion/7318599/inline-packaging-llc-v-graphic-packaging-international-inc/?q=%22Patent+Marking%22&type=o&order_by=dateFiled+desc&stat_Published=on&page=1
Tire Service Equipment Mfg. Co. v. Gaither Tool Co. (D. Minnesota 2016),Civil No. 13-2996 (DWF/BRT),2016-01-21,,0,,unknown,https://www.courtlistener.com/opinion/7318053/tire-service-equipment-mfg-co-v-gaither-tool-co/?q=%22Patent+Marking%22&type=o&order_by=dateFiled+desc&stat_Published=on&page=1
"Petedge, Inc. v. Fortress Secure Solutions, LLC (D. Mass. 2015)",Civil Action No. 15-11988-FDS,2015-11-17,,0,,unknown,https://www.courtlistener.com/opinion/7316771/petedge-inc-v-fortress-secure-solutions-llc/?q=%22Patent+Marking%22&type=o&order_by=dateFiled+desc&stat_Published=on&page=1
"Deflecto, LLC v. Dundas Jafine Inc. (W.D. Mo. 2015)",Case No. 13-0116-CV-W-ODS,2015-11-04,,0,,unknown,https://www.courtlistener.com/opinion/7316632/deflecto-llc-v-dundas-jafine-inc/?q=%22Patent+Marking%22&type=o&order_by=dateFiled+desc&stat_Published=on&page=1
Gallagher v. Funeral Source One et al. (D.N.H. 2015),14-cv-115-PB,2015-11-04,,0,,unknown,https://www.courtlistener.com/opinion/10696831/gallagher-v-funeral-source-one-et-al/?q=%22Patent+Marking%22&type=o&order_by=dateFiled+desc&stat_Published=on&page=1
"Venturi Jet Sets, Inc. v. Custom Molded Products, Inc. (D. Utah 2015)",Case No. 2:13-CV-1031 TS,2015-08-11,,0,,unknown,https://www.courtlistener.com/opinion/7315215/venturi-jet-sets-inc-v-custom-molded-products-inc/?q=%22Patent+Marking%22&type=o&order_by=dateFiled+desc&stat_Published=on&page=1
"WhitServe LLC v. GoDaddy.Com, Inc. (D. Conn. 2014)",Civil Action No. 3:11-cv-00948-WGY,2014-11-04,,0,,unknown,https://www.courtlistener.com/opinion/7310349/whitserve-llc-v-godaddycom-inc/?q=%22Patent+Marking%22&type=o&order_by=dateFiled+desc&stat_Published=on&page=2
"Mamma Mia's Trattoria, Inc. v. The Original Brooklyn Water Bagel Co. Inc. (11th Cir. 2014)",13-12798,2014-09-30,,0,,unknown,https://www.courtlistener.com/opinion/2738473/mamma-mias-trattoria-inc-v-the-original-brooklyn-water-bagel-co-inc/?q=%22Patent+Marking%22&type=o&order_by=dateFiled+desc&stat_Published=on&page=2
Schutte Bagclosures Inc. v. Kwik Lok Corp. (S.D.N.Y. 2014),No. 12 Civ. 5541(JGK),2014-09-29,,0,,unknown,https://www.courtlistener.com/opinion/7308899/schutte-bagclosures-inc-v-kwik-lok-corp/?q=%22Patent+Marking%22&type=o&order_by=dateFiled+desc&stat_Published=on&page=2
"Ultratec, Inc. v. Sorenson Communications, Inc. (W.D. Wis. 2014)",No. 13-cv-346-bbc,2014-08-28,,0,,unknown,https://www.courtlistener.com/opinion/7308683/ultratec-inc-v-sorenson-communications-inc/?q=%22Patent+Marking%22&type=o&order_by=dateFiled+desc&stat_Published=on&page=2
"Cot'n Wash, Inc. v. Henkel Corp. (D. Del. 2014)","Civ. No. 12-650-SLR, Civ. No. 12-651-SLR",2014-07-11,,0,,unknown,https://www.courtlistener.com/opinion/7309565/cotn-wash-inc-v-henkel-corp/?q=%22Patent+Marking%22&type=o&order_by=dateFiled+desc&stat_Published=on&page=2
"Fasteners For Retail, Inc. v. DeJohn (Ohio Ct. App. 2014)",100333,2014-04-24,,0,,unknown,https://www.courtlistener.com/opinion/2701739/fasteners-for-retail-inc-v-dejohn/?q=%22Patent+Marking%22&type=o&order_by=dateFiled+desc&stat_Published=on&page=2
"Universal Electronics, Inc. v. Universal Remote Control, Inc. (C.D. Cal. 2014)",Case No. SACV 12-00329 AG (JPRx),2014-03-24,,0,,unknown,https://www.courtlistener.com/opinion/7307798/universal-electronics-inc-v-universal-remote-control-inc/?q=%22Patent+Marking%22&type=o&order_by=dateFiled+desc&stat_Published=on&page=2
"Fido's Fences, Inc. v. Radio Systems Corp. (E.D.N.Y 2014)",No. 2:12-cv-00179(NG)(JO),2014-02-28,,0,,unknown,https://www.courtlistener.com/opinion/8731742/fidos-fences-inc-v-radio-systems-corp/?q=%22Patent+Marking%22&type=o&order_by=dateFiled+desc&stat_Published=on&page=2
"ABT Systems, LLC v. Emerson Electric Co. (E.D. Mo. 2014)",Case No. 4:11CV00374 AGF,2014-02-13,,0,,unknown,https://www.courtlistener.com/opinion/9325360/abt-systems-llc-v-emerson-electric-co/?q=%22Patent+Marking%22&type=o&order_by=dateFiled+desc&stat_Published=on&page=2
Toshiba Corp. v. Imation Corp. (W.D. Wis. 2013),No. 09-cv-305-slc,2013-12-31,,0,,unknown,https://www.courtlistener.com/opinion/8730677/toshiba-corp-v-imation-corp/?q=%22Patent+Marking%22&type=o&order_by=dateFiled+desc&stat_Published=on&page=2
"Romag Fasteners, Inc. v. Fossil, Inc. (D. Conn. 2013)",Civil Action No. 10-01827-WGY,2013-10-24,,0,,unknown,https://www.courtlistener.com/opinion/8729106/romag-fasteners-inc-v-fossil-inc/?q=%22Patent+Marking%22&type=o&order_by=dateFiled+desc&stat_Published=on&page=2
"Lutron Electronics Co. v. Crestron Electronics, Inc. (D. Utah 2013)",Case No. 2:09-CV-00707 CW,2013-09-12,,0,,unknown,https://www.courtlistener.com/opinion/8728242/lutron-electronics-co-v-crestron-electronics-inc/?q=%22Patent+Marking%22&type=o&order_by=dateFiled+desc&stat_Published=on&page=2
"Global Traffic Technologies, LLC v. Emtrac Systems, Inc. (D. Minnesota 2013)",Civil No. 10-4110 ADM/JJG,2013-05-24,,0,,unknown,https://www.courtlistener.com/opinion/8725450/global-traffic-technologies-llc-v-emtrac-systems-inc/?q=%22Patent+Marking%22&type=o&order_by=dateFiled+desc&stat_Published=on&page=2
"Power Integrations, Inc. v. Fairchild Semiconductor International, Inc. (Fed. Cir. 2013)","2011-1218, 2011-1238",2013-03-26,,0,,unknown,https://www.courtlistener.com/opinion/856228/power-integrations-inc-v-fairchild-semiconductor-international-inc/?q=%22Patent+Marking%22&type=o&order_by=dateFiled+desc&stat_Published=on&page=2
"Power Integrations, Inc. v. Fairchild Semiconductor International, Inc. (Fed. Cir. 2013)",2011-1218,2013-03-26,,0,,unknown,https://www.courtlistener.com/opinion/856284/power-integrations-inc-v-fairchild-semiconductor-i/?q=%22Patent+Marking%22&type=o&order_by=dateFiled+desc&stat_Published=on&page=2
"United States ex rel. Beauchamp v. Academi Training Center, Inc. (E.D. Va. 2013)",Case No. 1:11cv371,2013-03-21,,0,,unknown,https://www.courtlistener.com/opinion/8723865/united-states-ex-rel-beauchamp-v-academi-training-center-inc/?q=%22Patent+Marking%22&type=o&order_by=dateFiled+desc&stat_Published=on&page=2
Frolow v. Wilson Sporting Goods Co. (Fed. Cir. 2013),2012-1185,2013-03-15,,0,,unknown,https://www.courtlistener.com/opinion/855334/frolow-v-wilson-sporting-goods-co/?q=%22Patent+Marking%22&type=o&order_by=dateFiled+desc&stat_Published=on&page=2
Brooks v. Dunlop Manufacturing Inc. (Fed. Cir. 2012),2012-1164,2012-12-13,,0,,unknown,https://www.courtlistener.com/opinion/813557/brooks-v-dunlop-manufacturing-inc/?q=%22Patent+Marking%22&type=o&order_by=dateFiled+desc&stat_Published=on&page=2
Medisim Ltd. v. Bestmed LLC (S.D.N.Y. 2012),No. 10 Civ. 2463(SAS),2012-11-28,,0,,unknown,https://www.courtlistener.com/opinion/8721180/medisim-ltd-v-bestmed-llc/?q=%22Patent+Marking%22&type=o&order_by=dateFiled+desc&stat_Published=on&page=2
"Eplus, Inc. v. Lawson Software, Inc. (Fed. Cir. 2012)","2011-1396, 2011-1456, 2011-1554",2012-11-21,,0,,unknown,https://www.courtlistener.com/opinion/812346/eplus-inc-v-lawson-software-inc/?q=%22Patent+Marking%22&type=o&order_by=dateFiled+desc&stat_Published=on&page=2
Marvellous Day Electric (S.Z.) Co. v. Ace Hardware Corp. (N.D. Ill. 2012),"Nos. 11 C 8756, 11 C 8768",2012-10-02,,0,,unknown,https://www.courtlistener.com/opinion/8719863/marvellous-day-electric-sz-co-v-ace-hardware-corp/?q=%22Patent+Marking%22&type=o&order_by=dateFiled+desc&stat_Published=on&page=3
"Enzo Biochem, Inc. v. Amersham PLC (S.D.N.Y. 2012)","Nos. 02 Civ. 8448(RJS), 03 Civ. 3816(RJS), 03 Civ. 3817(RJS), 03 Civ. 3819(RJS), 03 Civ. 8907(RJS), 04 Civ. 1555(RJS), 04 Civ. 4046(RJS)",2012-09-21,,0,,unknown,https://www.courtlistener.com/opinion/8720193/enzo-biochem-inc-v-amersham-plc/?q=%22Patent+Marking%22&type=o&order_by=dateFiled+desc&stat_Published=on&page=3
"In Re Kemeta, LLC (Bankr. D. Del. 2012)",19-10529,2012-05-04,,0,,unknown,https://www.courtlistener.com/opinion/2200595/in-re-kemeta-llc/?q=%22Patent+Marking%22&type=o&order_by=dateFiled+desc&stat_Published=on&page=3
Medisim Ltd. v. Bestmed LLC (S.D.N.Y. 2012),No. 10 Civ. 2463 (SAS),2012-03-06,,0,,unknown,https://www.courtlistener.com/opinion/8715292/medisim-ltd-v-bestmed-llc/?q=%22Patent+Marking%22&type=o&order_by=dateFiled+desc&stat_Published=on&page=3
"Sukumar v. Nautilus, Inc. (W.D. Va. 2012)",Case No. 7:11-cv-00218,2012-02-10,,0,,unknown,https://www.courtlistener.com/opinion/8712990/sukumar-v-nautilus-inc/?q=%22Patent+Marking%22&type=o&order_by=dateFiled+desc&stat_Published=on&page=3
Mama Cares Foundation v. Nutriset Société Par Actions Cimplifiée (D.D.C. 2011),Civil Action No. 2009-2395,2011-11-18,,0,,unknown,https://www.courtlistener.com/opinion/2663343/mama-cares-foundation-v-nutriset-societe-par-actions-cimplifiee/?q=%22Patent+Marking%22&type=o&order_by=dateFiled+desc&stat_Published=on&page=3
"Halo Electronics, Inc. v. Pulse Engineering, Inc. (D. Nev. 2011)",3:07-cv-00331,2011-09-06,,0,,unknown,https://www.courtlistener.com/opinion/2179068/halo-electronics-inc-v-pulse-engineering-inc/?q=%22Patent+Marking%22&type=o&order_by=dateFiled+desc&stat_Published=on&page=3
Simonian v. MEADWESTVACO CORP. (N.D. Ill. 2011),10 C 01217,2011-09-01,,0,,unknown,https://www.courtlistener.com/opinion/2169866/simonian-v-meadwestvaco-corp/?q=%22Patent+Marking%22&type=o&order_by=dateFiled+desc&stat_Published=on&page=3
"Public Patent Foundation, Inc. v. Glaxosmithkline Consumer Healthcare, L.P. (S.D.N.Y. 2011)",09 Civ. 5881(RMB),2011-08-10,,0,,unknown,https://www.courtlistener.com/opinion/2170850/public-patent-foundation-inc-v-glaxosmithkline-consumer-healthcare-lp/?q=%22Patent+Marking%22&type=o&order_by=dateFiled+desc&stat_Published=on&page=3
Hollander v. RANBAXY LABORATORIES INC. (E.D. Pa. 2011),Civil Action 10-793,2011-07-18,,0,,unknown,https://www.courtlistener.com/opinion/2185662/hollander-v-ranbaxy-laboratories-inc/?q=%22Patent+Marking%22&type=o&order_by=dateFiled+desc&stat_Published=on&page=3
"San Francisco Technology, Inc. v. Graphic Packaging International, Inc. (N.D. Ga. 2011)",Civil Action 1:10-CV-1195-CAP,2011-06-16,,0,,unknown,https://www.courtlistener.com/opinion/2113745/san-francisco-technology-inc-v-graphic-packaging-international-inc/?q=%22Patent+Marking%22&type=o&order_by=dateFiled+desc&stat_Published=on&page=3
Promote Innovation LLC v. Roche Diagnostics Corp. (S.D. Ind. 2011),Case 1:10-cv-964-TWP-TAB,2011-06-03,,0,,unknown,https://www.courtlistener.com/opinion/2114866/promote-innovation-llc-v-roche-diagnostics-corp/?q=%22Patent+Marking%22&type=o&order_by=dateFiled+desc&stat_Published=on&page=3
"Rogers v. TRISTAR PRODUCTS, INC. (E.D. Pa. 2011)",Civil Action 11-1111,2011-06-02,,0,,unknown,https://www.courtlistener.com/opinion/2175349/rogers-v-tristar-products-inc/?q=%22Patent+Marking%22&type=o&order_by=dateFiled+desc&stat_Published=on&page=3
"Juniper Networks, Inc. v. Shipley (Fed. Cir. 2011)",2010-1327,2011-04-29,,0,,unknown,https://www.courtlistener.com/opinion/215720/juniper-networks-inc-v-shipley/?q=%22Patent+Marking%22&type=o&order_by=dateFiled+desc&stat_Published=on&page=3
Luka v. Procter and Gamble Co. (N.D. Ill. 2011),Case 10 C 2511,2011-03-28,,0,,unknown,https://www.courtlistener.com/opinion/2176905/luka-v-procter-and-gamble-co/?q=%22Patent+Marking%22&type=o&order_by=dateFiled+desc&stat_Published=on&page=3
"United States Ex Rel. Heathcote Holdings Corp. v. William K. Walthers, Inc. (N.D. Ill. 2011)",09 C 6722,2011-03-11,,0,,unknown,https://www.courtlistener.com/opinion/2115880/united-states-ex-rel-heathcote-holdings-corp-v-william-k-walthers-inc/?q=%22Patent+Marking%22&type=o&order_by=dateFiled+desc&stat_Published=on&page=3
Brinkmeier v. GRACO CHILDREN'S PRODUCTS INC. (D. Del. 2011),Civil Action 09-262-LPS,2011-03-07,,0,,unknown,https://www.courtlistener.com/opinion/2470562/brinkmeier-v-graco-childrens-products-inc/?q=%22Patent+Marking%22&type=o&order_by=dateFiled+desc&stat_Published=on&page=3
Simonian v. Weber-Stephen Products Co. (N.D. Ill. 2011),No. 10 C 1220,2011-02-15,,0,,unknown,https://www.courtlistener.com/opinion/8777725/simonian-v-weber-stephen-products-co/?q=%22Patent+Marking%22&type=o&order_by=dateFiled+desc&stat_Published=on&page=3
"Texas Data Co., LLC v. Target Brands, Inc. (E.D. Tex. 2011)",Civil Action 2:10-269-TJW,2011-01-12,,0,,unknown,https://www.courtlistener.com/opinion/2476992/texas-data-co-llc-v-target-brands-inc/?q=%22Patent+Marking%22&type=o&order_by=dateFiled+desc&stat_Published=on&page=3
"Kimberly-Clark Worldwide, Inc. v. First Quality Baby Products, LLC (M.D. Penn. 2010)",Civil 1:CV-09-1685,2010-12-21,,0,,unknown,https://www.courtlistener.com/opinion/2475310/kimberly-clark-worldwide-inc-v-first-quality-baby-products-llc/?q=%22Patent+Marking%22&type=o&order_by=dateFiled+desc&stat_Published=on&page=3
"St. John's University, New York v. Bolton (E.D.N.Y 2010)",08-CV-5039 (NGG)(JMA),2010-12-10,,0,,unknown,https://www.courtlistener.com/opinion/2470125/st-johns-university-new-york-v-bolton/?q=%22Patent+Marking%22&type=o&order_by=dateFiled+desc&stat_Published=on&page=4
"Simonian v. Allergan, Inc. (N.D. Ill. 2010)",10 C 02414,2010-11-30,,0,,unknown,https://www.courtlistener.com/opinion/2473908/simonian-v-allergan-inc/?q=%22Patent+Marking%22&type=o&order_by=dateFiled+desc&stat_Published=on&page=4
"Hollander v. Etymotic Research, Inc. (E.D. Pa. 2010)",Civil Action 10-526,2010-11-01,,0,,unknown,https://www.courtlistener.com/opinion/2473262/hollander-v-etymotic-research-inc/?q=%22Patent+Marking%22&type=o&order_by=dateFiled+desc&stat_Published=on&page=4
Fujitsu Limited v. Netgear Inc. (Fed. Cir. 2010),2010-1045,2010-09-20,,0,,unknown,https://www.courtlistener.com/opinion/175546/fujitsu-limited-v-netgear-inc/?q=%22Patent+Marking%22&type=o&order_by=dateFiled+desc&stat_Published=on&page=4
Brinkmeier v. BIC CORP. (D. Del. 2010),"Civ. 09-860-SLR, 10-01-SLR",2010-08-25,,0,,unknown,https://www.courtlistener.com/opinion/2470464/brinkmeier-v-bic-corp/?q=%22Patent+Marking%22&type=o&order_by=dateFiled+desc&stat_Published=on&page=4
Belden Technologies Inc. v. Superior Essex Communications LP (D. Del. 2010),Civ. 08-63-SLR,2010-08-24,,0,,unknown,https://www.courtlistener.com/opinion/2477273/belden-technologies-inc-v-superior-essex-communications-lp/?q=%22Patent+Marking%22&type=o&order_by=dateFiled+desc&stat_Published=on&page=4
"F. Hoffmann-La Roche Ltd. v. Qiagen Gaithersburg, Inc. (S.D.N.Y. 2010)","09 Civ. 7326(WHP), 09 Civ. 7396(WHP)",2010-08-11,,0,,unknown,https://www.courtlistener.com/opinion/2473864/f-hoffmann-la-roche-ltd-v-qiagen-gaithersburg-inc/?q=%22Patent+Marking%22&type=o&order_by=dateFiled+desc&stat_Published=on&page=4
DeSena v. Beekley Corp. (D. Me. 2010),Civil 09-352-P-H,2010-08-03,,0,,unknown,https://www.courtlistener.com/opinion/2473176/desena-v-beekley-corp/?q=%22Patent+Marking%22&type=o&order_by=dateFiled+desc&stat_Published=on&page=4
Pequignot v. Solo Cup Co. (Fed. Cir. 2010),2009-1547,2010-06-10,,0,,unknown,https://www.courtlistener.com/opinion/148264/pequignot-v-solo-cup-co/?q=%22Patent+Marking%22&type=o&order_by=dateFiled+desc&stat_Published=on&page=4
"McKesson Automation, Inc. v. Swisslog Italia S.P.A. (D. Del. 2010)",Civ. 06-028-SLR,2010-05-18,,0,,unknown,https://www.courtlistener.com/opinion/2541954/mckesson-automation-inc-v-swisslog-italia-spa/?q=%22Patent+Marking%22&type=o&order_by=dateFiled+desc&stat_Published=on&page=4
"Zojo Solutions, Inc. v. Stanley Works (N.D. Ill. 2010)",10 C 1175,2010-05-12,,0,,unknown,https://www.courtlistener.com/opinion/2542608/zojo-solutions-inc-v-stanley-works/?q=%22Patent+Marking%22&type=o&order_by=dateFiled+desc&stat_Published=on&page=4
Brinkmeier v. Graco Children's Products Inc. (D. Del. 2010),C.A. 09-262-JJF,2010-02-16,,0,,unknown,https://www.courtlistener.com/opinion/1896746/brinkmeier-v-graco-childrens-products-inc/?q=%22Patent+Marking%22&type=o&order_by=dateFiled+desc&stat_Published=on&page=4
"SEB SA v. Montgomery Ward & Co., Inc. (Fed. Cir. 2010)","2009-1099, 2009-1108, 2009-1119",2010-02-05,,0,,unknown,https://www.courtlistener.com/opinion/811/seb-sa-v-montgomery-ward-co-inc/?q=%22Patent+Marking%22&type=o&order_by=dateFiled+desc&stat_Published=on&page=4
"Ethicon Endo-Surgery, Inc. v. Hologic, Inc. (S.D. Ohio 2010)",Case 1:07cv834,2010-01-27,,0,,unknown,https://www.courtlistener.com/opinion/2572589/ethicon-endo-surgery-inc-v-hologic-inc/?q=%22Patent+Marking%22&type=o&order_by=dateFiled+desc&stat_Published=on&page=4
"Crown Packaging Technology, Inc. v. Rexam Beverage Can Co. (D. Del. 2010)",Civil Action 05-608 (MPT),2010-01-15,,0,,unknown,https://www.courtlistener.com/opinion/2487145/crown-packaging-technology-inc-v-rexam-beverage-can-co/?q=%22Patent+Marking%22&type=o&order_by=dateFiled+desc&stat_Published=on&page=4
"Forest Group, Inc. v. Bon Tool Co. (Fed. Cir. 2009)",2009-1044,2009-12-28,,0,,unknown,https://www.courtlistener.com/opinion/893/forest-group-inc-v-bon-tool-co/?q=%22Patent+Marking%22&type=o&order_by=dateFiled+desc&stat_Published=on&page=4
Pequignot v. SOLO CUP COM. (E.D. Va. 2009),1:07cv897 (LMB/TCB),2009-08-25,,0,,unknown,https://www.courtlistener.com/opinion/1750726/pequignot-v-solo-cup-com/?q=%22Patent+Marking%22&type=o&order_by=dateFiled+desc&stat_Published=on&page=4
"Allied Erecting & Dismantling Co. v. Genesis Equipment & Manufacturing, Inc. (N.D. Ohio 2009)",Case 4:06CV114,2009-08-12,,0,,unknown,https://www.courtlistener.com/opinion/1632339/allied-erecting-dismantling-co-v-genesis-equipment-manufacturing/?q=%22Patent+Marking%22&type=o&order_by=dateFiled+desc&stat_Published=on&page=4
"Stauffer v. Brooks Bros., Inc. (S.D.N.Y. 2009)",08-cv-10369 (SHS),2009-05-14,,0,,unknown,https://www.courtlistener.com/opinion/1515051/stauffer-v-brooks-bros-inc/?q=%22Patent+Marking%22&type=o&order_by=dateFiled+desc&stat_Published=on&page=4
Rainworks Ltd. v. Mill-Rose Co. (N.D. Ohio 2009),Case No. 1:06CV1549,2009-03-31,,0,,unknown,https://www.courtlistener.com/opinion/2395263/rainworks-ltd-v-mill-rose-co/?q=%22Patent+Marking%22&type=o&order_by=dateFiled+desc&stat_Published=on&page=4
Pequignot v. Solo Cup Co. (E.D. Va. 2009),1:07cv897 (LMB/TCB),2009-03-27,,0,,unknown,https://www.courtlistener.com/opinion/1452253/pequignot-v-solo-cup-co/?q=%22Patent+Marking%22&type=o&order_by=dateFiled+desc&stat_Published=on&page=5
Rainworks Ltd. v. Mill-Rose Co. (N.D. Ohio 2009),Case 1:06CV1549,2009-03-17,,0,,unknown,https://www.courtlistener.com/opinion/1886702/rainworks-ltd-v-mill-rose-co/?q=%22Patent+Marking%22&type=o&order_by=dateFiled+desc&stat_Published=on&page=5
"SKF USA, Inc. v. United States Customs & Border Protection (Fed. Cir. 2009)","2008-1005, 2008-1006, 2008-1007, 2008-1008",2009-02-19,,0,,unknown,https://www.courtlistener.com/opinion/1466257/skf-usa-inc-v-united-states-customs-border-protection/?q=%22Patent+Marking%22&type=o&order_by=dateFiled+desc&stat_Published=on&page=5
Iris Corp. Berhad v. United States (Fed. Cl. 2008),No. 06-801C,2008-10-23,,0,,unknown,https://www.courtlistener.com/opinion/6775376/iris-corp-berhad-v-united-states/?q=%22Patent+Marking%22&type=o&order_by=dateFiled+desc&stat_Published=on&page=5
Pequignot v. Solo Cup Co. (E.D. Va. 2008),1:07CV897 (LMB/TCB),2008-03-24,,0,,unknown,https://www.courtlistener.com/opinion/1611641/pequignot-v-solo-cup-co/?q=%22Patent+Marking%22&type=o&order_by=dateFiled+desc&stat_Published=on&page=5
"Sprint Communications Company L.P., v. Vonage Holdings Corp. (D. Kan. 2007)",05-2433-JWL,2007-08-07,,0,,unknown,https://www.courtlistener.com/opinion/1409030/sprint-communications-company-lp-v-vonage-holdings-corp/?q=%22Patent+Marking%22&type=o&order_by=dateFiled+desc&stat_Published=on&page=5
"GP INDUSTRIES, LLC v. Bachman (D. Neb. 2007)","8:06CV50, 8:06CV51",2007-07-31,,0,,unknown,https://www.courtlistener.com/opinion/2579412/gp-industries-llc-v-bachman/?q=%22Patent+Marking%22&type=o&order_by=dateFiled+desc&stat_Published=on&page=5
"Crown Packaging Technology, Inc. v. Rexam Beverage Can Co. (D. Del. 2007)",Civil Action 05-608-MPT,2007-07-24,,0,,unknown,https://www.courtlistener.com/opinion/2511107/crown-packaging-technology-inc-v-rexam-beverage-can-co/?q=%22Patent+Marking%22&type=o&order_by=dateFiled+desc&stat_Published=on&page=5
"Bowling v. Hasbro, Inc. (D.R.I. 2007)",C.A. 05-229 S,2007-05-30,,0,,unknown,https://www.courtlistener.com/opinion/2576807/bowling-v-hasbro-inc/?q=%22Patent+Marking%22&type=o&order_by=dateFiled+desc&stat_Published=on&page=5
"Jordan v. Can You Imagine, Inc. (S.D.N.Y. 2007)",04 Civ. 04696(PKL),2007-05-02,,0,,unknown,https://www.courtlistener.com/opinion/2416113/jordan-v-can-you-imagine-inc/?q=%22Patent+Marking%22&type=o&order_by=dateFiled+desc&stat_Published=on&page=5
Gemmy Industries Corp. v. Chrisha Creations Limited (Fed. Cir. 2006),2005-1110,2006-06-22,,0,,unknown,https://www.courtlistener.com/opinion/211196/gemmy-industries-corp-v-chrisha-creations-limited/?q=%22Patent+Marking%22&type=o&order_by=dateFiled+desc&stat_Published=on&page=5
"Merck & Co. v. Mediplan Health Consulting, Inc. (S.D.N.Y. 2006)","05 Civ. 3650(DC), 05 Civ. 3696(DC), 05 Civ. 3698(DC), 05 Civ. 3699(DC), 05 Civ. 3700(DC), 05 Civ. 3701(DC)",2006-06-14,,0,,unknown,https://www.courtlistener.com/opinion/2428265/merck-co-v-mediplan-health-consulting-inc/?q=%22Patent+Marking%22&type=o&order_by=dateFiled+desc&stat_Published=on&page=5
"DP Wagner Manufacturing Inc. v. Pro Patch Systems, Inc. (S.D. Tex. 2006)",Civil Action H-04-4610,2006-04-21,,0,,unknown,https://www.courtlistener.com/opinion/2428354/dp-wagner-manufacturing-inc-v-pro-patch-systems-inc/?q=%22Patent+Marking%22&type=o&order_by=dateFiled+desc&stat_Published=on&page=5
"Zoltek Corporation, Plaintiff-Cross v. United States (Fed. Cir. 2006)","04-5100, 04-5102",2006-03-31,,0,,unknown,https://www.courtlistener.com/opinion/793855/zoltek-corporation-plaintiff-cross-v-united-states/?q=%22Patent+Marking%22&type=o&order_by=dateFiled+desc&stat_Published=on&page=5
Zoltek Corp. v. United States (Fed. Cir. 2006),2004-5100,2006-03-31,,0,,unknown,https://www.courtlistener.com/opinion/211357/zoltek-corp-v-united-states/?q=%22Patent+Marking%22&type=o&order_by=dateFiled+desc&stat_Published=on&page=5
"Erie Engineered Products, Inc. v. Wayne Integrated Technologies, Corp. (E.D.N.Y 2005)",CV 03-3776,2005-12-05,,0,,unknown,https://www.courtlistener.com/opinion/2426322/erie-engineered-products-inc-v-wayne-integrated-technologies-corp/?q=%22Patent+Marking%22&type=o&order_by=dateFiled+desc&stat_Published=on&page=5
Keystone Manufacturing Co. v. Jaccard Corp. (W.D.N.Y. 2005),03-CV-648S,2005-09-29,,0,,unknown,https://www.courtlistener.com/opinion/2427200/keystone-manufacturing-co-v-jaccard-corp/?q=%22Patent+Marking%22&type=o&order_by=dateFiled+desc&stat_Published=on&page=5
"CIVIX-DDI, LLC v. Cellco Partnership (N.D. Ill. 2005)",03 C 3792,2005-09-14,,0,,unknown,https://www.courtlistener.com/opinion/2513678/civix-ddi-llc-v-cellco-partnership/?q=%22Patent+Marking%22&type=o&order_by=dateFiled+desc&stat_Published=on&page=5
"FMC Corp. v. Control Solutions, Inc. (E.D. Pa. 2005)",2:05-cv-01553,2005-05-16,,0,,unknown,https://www.courtlistener.com/opinion/2361328/fmc-corp-v-control-solutions-inc/?q=%22Patent+Marking%22&type=o&order_by=dateFiled+desc&stat_Published=on&page=5
Mosaid Technologies Inc. v. Samsung Electronics Co. (D.N.J. 2005),"01-CV-4340(WJM), 03-CV-4698(WJM)",2005-04-01,,0,,unknown,https://www.courtlistener.com/opinion/2453698/mosaid-technologies-inc-v-samsung-electronics-co/?q=%22Patent+Marking%22&type=o&order_by=dateFiled+desc&stat_Published=on&page=5
"Sentry Protection Products, Inc. v. Eagle Manufacturing Co. (Fed. Cir. 2005)",2004-1392,2005-03-11,,0,,unknown,https://www.courtlistener.com/opinion/212020/sentry-protection-products-inc-v-eagle-manufacturing-co/?q=%22Patent+Marking%22&type=o&order_by=dateFiled+desc&stat_Published=on&page=6
"Voice Capture, Inc. v. Intel Corp. (S.D. Iowa 2004)",4:04-cv-40340,2004-12-02,,0,,unknown,https://www.courtlistener.com/opinion/2418168/voice-capture-inc-v-intel-corp/?q=%22Patent+Marking%22&type=o&order_by=dateFiled+desc&stat_Published=on&page=6
"Fisher-Price, Inc. v. Safety 1st, Inc. (Fed. Cir. 2004)","Nos. 03-1644, 04-1004",2004-08-16,,0,,unknown,https://www.courtlistener.com/opinion/8456235/fisher-price-inc-v-safety-1st-inc/?q=%22Patent+Marking%22&type=o&order_by=dateFiled+desc&stat_Published=on&page=6
At & T CORP. v. Microsoft Corp. (S.D.N.Y. 2003),01 Civ.4872(WHP),2003-11-05,,0,,unknown,https://www.courtlistener.com/opinion/2326468/at-t-corp-v-microsoft-corp/?q=%22Patent+Marking%22&type=o&order_by=dateFiled+desc&stat_Published=on&page=6
"Pioneer Hi-Bred International, Inc. v. Ottawa Plant Food, Inc. (N.D. Iowa 2003)",C 98-4016-MWB,2003-09-29,,0,,unknown,https://www.courtlistener.com/opinion/2576863/pioneer-hi-bred-international-inc-v-ottawa-plant-food-inc/?q=%22Patent+Marking%22&type=o&order_by=dateFiled+desc&stat_Published=on&page=6
"Fisher-Price, Inc. v. Safety 1st, Inc. (D. Del. 2003)",Civ.A. 01-51,2003-08-28,,0,,unknown,https://www.courtlistener.com/opinion/2386432/fisher-price-inc-v-safety-1st-inc/?q=%22Patent+Marking%22&type=o&order_by=dateFiled+desc&stat_Published=on&page=6
"Clontech Laboratories, Inc. v. Invitrogen Corp. (D. Del. 2003)",C.A.98-750-SLR,2003-05-20,,0,,unknown,https://www.courtlistener.com/opinion/2505485/clontech-laboratories-inc-v-invitrogen-corp/?q=%22Patent+Marking%22&type=o&order_by=dateFiled+desc&stat_Published=on&page=6
"Elite Licensing, Inc. v. Thomas Plastics, Inc. (S.D.N.Y. 2003)",02 Civ. 4847(SAS),2003-03-17,,0,,unknown,https://www.courtlistener.com/opinion/2381104/elite-licensing-inc-v-thomas-plastics-inc/?q=%22Patent+Marking%22&type=o&order_by=dateFiled+desc&stat_Published=on&page=6
"Laughlin Products, Inc. v. ETS, INC. (N.D. Tex. 2002)",4:01-cv-00792,2002-11-04,,0,,unknown,https://www.courtlistener.com/opinion/2499840/laughlin-products-inc-v-ets-inc/?q=%22Patent+Marking%22&type=o&order_by=dateFiled+desc&stat_Published=on&page=6
"Texas Digital Systems, Inc. v. Telegenix, Inc. (Fed. Cir. 2002)",02-1032,2002-10-16,,0,,unknown,https://www.courtlistener.com/opinion/779640/texas-digital-systems-inc-v-telegenix-inc/?q=%22Patent+Marking%22&type=o&order_by=dateFiled+desc&stat_Published=on&page=6
"University of Colorado Foundation, Inc. v. American Cyanamid Co. (D. Colo. 2002)",CIV.A. 93-K-1657,2002-08-13,,0,,unknown,https://www.courtlistener.com/opinion/2378169/university-of-colorado-foundation-inc-v-american-cyanamid-co/?q=%22Patent+Marking%22&type=o&order_by=dateFiled+desc&stat_Published=on&page=6
"Gentile v. Franklin Sports, Inc. (D. Mass. 2002)",CIV. 01-10332-NG,2002-07-01,,0,,unknown,https://www.courtlistener.com/opinion/2572246/gentile-v-franklin-sports-inc/?q=%22Patent+Marking%22&type=o&order_by=dateFiled+desc&stat_Published=on&page=6
Graham v. Gun-Munro (Fed. Cir. 2001),No. 01-1444,2001-10-01,,0,,unknown,https://www.courtlistener.com/opinion/7213688/graham-v-gun-munro/?q=%22Patent+Marking%22&type=o&order_by=dateFiled+desc&stat_Published=on&page=6
Uniboard Aktiebolag v. Acer America Corp. (D.D.C. 2000),Civ.A. 99-3153 (JGP),2000-08-31,,0,,unknown,https://www.courtlistener.com/opinion/2358115/uniboard-aktiebolag-v-acer-america-corp/?q=%22Patent+Marking%22&type=o&order_by=dateFiled+desc&stat_Published=on&page=6
Johnson Electric North America Inc. v. Mabuchi Motor America Corp. (S.D.N.Y. 2000),88 Civ. 7377(WCC),2000-07-11,,0,,unknown,https://www.courtlistener.com/opinion/2469540/johnson-electric-north-america-inc-v-mabuchi-motor-america-corp/?q=%22Patent+Marking%22&type=o&order_by=dateFiled+desc&stat_Published=on&page=6
Johnson Electric North America Inc. v. Mabuchi Motor America Corp. (S.D.N.Y. 2000),88 Civ. 7377(WCC),2000-05-31,,0,,unknown,https://www.courtlistener.com/opinion/2575517/johnson-electric-north-america-inc-v-mabuchi-motor-america-corp/?q=%22Patent+Marking%22&type=o&order_by=dateFiled+desc&stat_Published=on&page=6
"Sunrise Medical HHG, Inc. v. AirSep Corp. (W.D. Pa. 2000)",99-127J,2000-04-25,,0,,unknown,https://www.courtlistener.com/opinion/2361395/sunrise-medical-hhg-inc-v-airsep-corp/?q=%22Patent+Marking%22&type=o&order_by=dateFiled+desc&stat_Published=on&page=6
"Acoustic Systems, Inc. v. Wenger Corp. (5th Cir. 2000)",99-50112,2000-04-03,,0,,unknown,https://www.courtlistener.com/opinion/20397/acoustic-systems-inc-v-wenger-corp/?q=%22Patent+Marking%22&type=o&order_by=dateFiled+desc&stat_Published=on&page=6
"Articulate Systems, Inc. v. Apple Computer, Inc. (D. Mass. 1999)",96CV10345-RGS,1999-06-11,,0,,unknown,https://www.courtlistener.com/opinion/2289972/articulate-systems-inc-v-apple-computer-inc/?q=%22Patent+Marking%22&type=o&order_by=dateFiled+desc&stat_Published=on&page=6
"Arista Technologies, Inc. v. Arthur D. Little Enterprises, Inc. (E.D.N.Y 1998)",CV 95-789,1998-11-13,,0,,unknown,https://www.courtlistener.com/opinion/2346399/arista-technologies-inc-v-arthur-d-little-enterprises-inc/?q=%22Patent+Marking%22&type=o&order_by=dateFiled+desc&stat_Published=on&page=6
"Nike, Inc. v. Wal-Mart Stores, Inc. And Hawe Yue, Inc. (Fed. Cir. 1998)",97-1173,1998-03-12,,0,,unknown,https://www.courtlistener.com/opinion/752404/nike-inc-v-wal-mart-stores-inc-and-hawe-yue-inc/?q=%22Patent+Marking%22&type=o&order_by=dateFiled+desc&stat_Published=on&page=7
Fonar Corporation v. General Electric Company (Fed. Cir. 1997),96-1075,1997-05-08,,0,,unknown,https://www.courtlistener.com/opinion/736956/fonar-corporation-v-general-electric-company/?q=%22Patent+Marking%22&type=o&order_by=dateFiled+desc&stat_Published=on&page=7
Fonar Corp. v. General Electric Co. (Fed. Cir. 1997),"Nos. 96-1075, 96-1106 and 96-1091",1997-02-25,,0,,unknown,https://www.courtlistener.com/opinion/7041838/fonar-corp-v-general-electric-co/?q=%22Patent+Marking%22&type=o&order_by=dateFiled+desc&stat_Published=on&page=7
"ADC Telecommunications, Inc. v. Siecor Corp. (D. Del. 1997)",Civil Action 95-813 MMS,1997-02-07,,0,,unknown,https://www.courtlistener.com/opinion/1488497/adc-telecommunications-inc-v-siecor-corp/?q=%22Patent+Marking%22&type=o&order_by=dateFiled+desc&stat_Published=on&page=7
"Susan M. Maxwell v. J. Baker, Inc., and Prange Way, Inc. (Fed. Cir. 1996)","95-1292, 95-1293 and 95-1355",1996-08-28,,0,,unknown,https://www.courtlistener.com/opinion/719830/susan-m-maxwell-v-j-baker-inc-and-prange-way-inc/?q=%22Patent+Marking%22&type=o&order_by=dateFiled+desc&stat_Published=on&page=7
"George W. Jurgens and Margaret M. Jurgens v. Cbk, Ltd. And Cbk, Ltd., Inc., Defendants/cross-Appellants (Fed. Cir. 1996)","94-1498, 94-1521",1996-06-20,,0,,unknown,https://www.courtlistener.com/opinion/715852/george-w-jurgens-and-margaret-m-jurgens-v-cbk-ltd-and-cbk-ltd-inc/?q=%22Patent+Marking%22&type=o&order_by=dateFiled+desc&stat_Published=on&page=7
Blank v. Pollack (N.D.N.Y. 1996),1:95-cr-00392,1996-02-09,,0,,unknown,https://www.courtlistener.com/opinion/1516831/blank-v-pollack/?q=%22Patent+Marking%22&type=o&order_by=dateFiled+desc&stat_Published=on&page=7
"California Medical Products, Inc. v. Tecnol Medical Products, Inc. (D. Del. 1995)",Civil A. 91-620-LON,1995-12-29,US Court of Appeals,0,,unknown,https://www.courtlistener.com/opinion/1988670/california-medical-products-inc-v-tecnol-medical-products-inc/?q=%22Patent+Marking%22&type=o&order_by=dateFiled+desc&stat_Published=on&page=7
"Laitram Machinery, Inc. v. Carnitech A/S (E.D. La. 1995)",Civ. A. No. 92-3841,1995-12-18,,0,,unknown,https://www.courtlistener.com/opinion/8735421/laitram-machinery-inc-v-carnitech-as/?q=%22Patent+Marking%22&type=o&order_by=dateFiled+desc&stat_Published=on&page=7
"Ontel Products, Inc. v. Project Strategies Corp. (S.D.N.Y. 1995)",94 Civ. 9025(HB),1995-09-14,,0,,unknown,https://www.courtlistener.com/opinion/1670774/ontel-products-inc-v-project-strategies-corp/?q=%22Patent+Marking%22&type=o&order_by=dateFiled+desc&stat_Published=on&page=7
"Stryker Corp. v. Intermedics Orthopedics, Inc. (E.D.N.Y 1995)",CV 90-3006 (ADS),1995-07-11,,0,,unknown,https://www.courtlistener.com/opinion/1667289/stryker-corp-v-intermedics-orthopedics-inc/?q=%22Patent+Marking%22&type=o&order_by=dateFiled+desc&stat_Published=on&page=7
"University of Colorado Foundation, Inc. v. American Cyanamid (D. Colo. 1995)",Civ. A. 93-K-1657,1995-04-03,,0,,unknown,https://www.courtlistener.com/opinion/1408224/university-of-colorado-foundation-inc-v-american-cyanamid/?q=%22Patent+Marking%22&type=o&order_by=dateFiled+desc&stat_Published=on&page=7
"Calmar, Inc. v. Emson Research, Inc. (C.D. Cal. 1994)",CV 92-4770 DT (JGx),1994-02-22,US Court of Appeals,0,,unknown,https://www.courtlistener.com/opinion/2132458/calmar-inc-v-emson-research-inc/?q=%22Patent+Marking%22&type=o&order_by=dateFiled+desc&stat_Published=on&page=7
"American Medical Systems, Inc., Plaintiff/cross-Appellant v. Medical Engineering Corporation (Fed. Cir. 1993)","92-1538, 92-1555",1993-12-06,,0,,unknown,https://www.courtlistener.com/opinion/654647/american-medical-systems-inc-plaintiffcross-appellant-v-medical/?q=%22Patent+Marking%22&type=o&order_by=dateFiled+desc&stat_Published=on&page=7
"Advanced Cardiovascular Systems, Inc., Plaintiff/cross-Complaint v. Scimed Life Systems, Inc., and Robert L. Hess, Cross-Complainant/appellant (Fed. Cir. 1993)",92-1157,1993-05-13,,0,,unknown,https://www.courtlistener.com/opinion/602463/advanced-cardiovascular-systems-inc-plaintiffcross-complaint-v-scimed/?q=%22Patent+Marking%22&type=o&order_by=dateFiled+desc&stat_Published=on&page=7
"Ceeco MacHinery Manufacturing, Ltd. v. Intercole, Inc. (D. Mass. 1992)",Civ. A. 91-40019-XX,1992-11-16,,0,,unknown,https://www.courtlistener.com/opinion/1459370/ceeco-machinery-manufacturing-ltd-v-intercole-inc/?q=%22Patent+Marking%22&type=o&order_by=dateFiled+desc&stat_Published=on&page=7
"Maxwell v. J. Baker, Inc. (D. Minnesota 1992)",Civ. 4-90-941,1992-09-21,,0,,unknown,https://www.courtlistener.com/opinion/2593194/maxwell-v-j-baker-inc/?q=%22Patent+Marking%22&type=o&order_by=dateFiled+desc&stat_Published=on&page=7
"Lang v. Pacific Marine and Supply Co., Ltd. (Fed. Cir. 1990)",89-1297,1990-03-06,,0,,unknown,https://www.courtlistener.com/opinion/536154/lang-v-pacific-marine-and-supply-co-ltd/?q=%22Patent+Marking%22&type=o&order_by=dateFiled+desc&stat_Published=on&page=8
Beatrice Foods Company v. New England Printing and Lithographing Company (Fed. Cir. 1990),"88-1574, 88-1575",1990-02-27,,0,,unknown,https://www.courtlistener.com/opinion/538940/beatrice-foods-company-v-new-england-printing-and-lithographing-company/?q=%22Patent+Marking%22&type=o&order_by=dateFiled+desc&stat_Published=on&page=8
Lang v. Pacific Marine & Supply Co. (Fed. Cir. 1990),No. 89-1297,1990-02-05,,0,,unknown,https://www.courtlistener.com/opinion/8984681/lang-v-pacific-marine-supply-co/?q=%22Patent+Marking%22&type=o&order_by=dateFiled+desc&stat_Published=on&page=8
Joy Manufacturing Co. v. CGM Valve & Gauge Co. (S.D. Tex. 1989),Civ. A. CA-H-85-6950,1989-11-15,,0,,unknown,https://www.courtlistener.com/opinion/1985186/joy-manufacturing-co-v-cgm-valve-gauge-co/?q=%22Patent+Marking%22&type=o&order_by=dateFiled+desc&stat_Published=on&page=8
"T.D. Williamson, Inc. v. Laymon (N.D. Okla. 1989)",83-C-84-C,1989-09-21,,0,,unknown,https://www.courtlistener.com/opinion/1631177/td-williamson-inc-v-laymon/?q=%22Patent+Marking%22&type=o&order_by=dateFiled+desc&stat_Published=on&page=8
Hewlett-Packard Co. v. Bausch & Lomb Inc. (N.D. Cal. 1989),C-86-20406 RPA,1989-09-13,,0,,unknown,https://www.courtlistener.com/opinion/2592744/hewlett-packard-co-v-bausch-lomb-inc/?q=%22Patent+Marking%22&type=o&order_by=dateFiled+desc&stat_Published=on&page=8
"Airwick Industries, Inc. v. Sterling Drug Inc. (D.N.J. 1989)",Civ. A. 80-187,1989-07-14,,0,,unknown,https://www.courtlistener.com/opinion/1768943/airwick-industries-inc-v-sterling-drug-inc/?q=%22Patent+Marking%22&type=o&order_by=dateFiled+desc&stat_Published=on&page=8
"Mister Twister, Inc. v. JenEm Corp. (S.D. Ohio 1989)",C-2-83-1101,1989-03-10,,0,,unknown,https://www.courtlistener.com/opinion/1462840/mister-twister-inc-v-jenem-corp/?q=%22Patent+Marking%22&type=o&order_by=dateFiled+desc&stat_Published=on&page=8
"Lang v. Pacific Marine and Supply Co., Inc. (D. Haw. 1989)",Civ. 88-00318 VAC,1989-01-11,,0,,unknown,https://www.courtlistener.com/opinion/1666008/lang-v-pacific-marine-and-supply-co-inc/?q=%22Patent+Marking%22&type=o&order_by=dateFiled+desc&stat_Published=on&page=8
"Benchcraft, Inc. v. Broyhill Furniture Industries, Inc. (N.D. Miss. 1988)",Civ. A. WC 84-143-D-D,1988-03-14,,0,,unknown,https://www.courtlistener.com/opinion/1799904/benchcraft-inc-v-broyhill-furniture-industries-inc/?q=%22Patent+Marking%22&type=o&order_by=dateFiled+desc&stat_Published=on&page=8
"Devices for Medicine, Inc. v. John Boehl, Cardiovascular Instruments, Inc. And Orlando Regional Medical Center, Inc. (Fed. Cir. 1987)",87-1082,1987-06-24,,0,,unknown,https://www.courtlistener.com/opinion/490654/devices-for-medicine-inc-v-john-boehl-cardiovascular-instruments-inc/?q=%22Patent+Marking%22&type=o&order_by=dateFiled+desc&stat_Published=on&page=8
"Intra Corp. v. Hamar Laser Instruments, Inc. (E.D. Mich. 1987)",86-CV-2414-DT,1987-06-17,,0,,unknown,https://www.courtlistener.com/opinion/1393214/intra-corp-v-hamar-laser-instruments-inc/?q=%22Patent+Marking%22&type=o&order_by=dateFiled+desc&stat_Published=on&page=8
"Arcadia MacHine & Tool Inc. v. Sturm, Ruger & Company, Inc. (Fed. Cir. 1986)",Appeal 85-2637,1986-03-17,,0,,unknown,https://www.courtlistener.com/opinion/466564/arcadia-machine-tool-inc-v-sturm-ruger-company-inc/?q=%22Patent+Marking%22&type=o&order_by=dateFiled+desc&stat_Published=on&page=8
"Sherman Treaters, Ltd. v. Ahlbrandt (D.D.C. 1985)",Civ. A. 84-3319,1985-03-07,,0,,unknown,https://www.courtlistener.com/opinion/2371198/sherman-treaters-ltd-v-ahlbrandt/?q=%22Patent+Marking%22&type=o&order_by=dateFiled+desc&stat_Published=on&page=8
Nestier Corporation v. Menasha Corporation-Lewisystems Division (Fed. Cir. 1984),Appeal 83-1313,1984-08-01,,0,,unknown,https://www.courtlistener.com/opinion/439185/nestier-corporation-v-menasha-corporation-lewisystems-division/?q=%22Patent+Marking%22&type=o&order_by=dateFiled+desc&stat_Published=on&page=8
"Johnston v. Textron, Inc. (D.R.I. 1984)",Civ. A. 80-0644 P,1984-01-27,,0,,unknown,https://www.courtlistener.com/opinion/1819569/johnston-v-textron-inc/?q=%22Patent+Marking%22&type=o&order_by=dateFiled+desc&stat_Published=on&page=8
"Innovative Concepts in Entertainment, Inc. v. Entertainment Enterprises Ltd. (E.D.N.Y 1983)",83 C 4732,1983-12-13,,0,,unknown,https://www.courtlistener.com/opinion/2593267/innovative-concepts-in-entertainment-inc-v-entertainment-enterprises/?q=%22Patent+Marking%22&type=o&order_by=dateFiled+desc&stat_Published=on&page=8
Lemelson v. Fisher Price Corp. (S.D.N.Y. 1982),81 Civ. 4509,1982-08-17,,0,,unknown,https://www.courtlistener.com/opinion/1431884/lemelson-v-fisher-price-corp/?q=%22Patent+Marking%22&type=o&order_by=dateFiled+desc&stat_Published=on&page=8
Ampex Corp. (Ct. Cl. 1980),No. 513-78,1980-05-02,,0,,unknown,https://www.courtlistener.com/opinion/8617912/ampex-corp/?q=%22Patent+Marking%22&type=o&order_by=dateFiled+desc&stat_Published=on&page=8
"B & J Manufacturing Co. v. Hennessy Industries, Inc. (N.D. Ill. 1979)",73 C 2174,1979-12-19,,0,,unknown,https://www.courtlistener.com/opinion/1558025/b-j-manufacturing-co-v-hennessy-industries-inc/?q=%22Patent+Marking%22&type=o&order_by=dateFiled+desc&stat_Published=on&page=8
Wayne-Gossard Corporation v. Sondra Manufacturing Co. (3rd Cir. 1978),77-2329,1978-06-21,,0,,unknown,https://www.courtlistener.com/opinion/357883/wayne-gossard-corporation-v-sondra-manufacturing-co/?q=%22Patent+Marking%22&type=o&order_by=dateFiled+desc&stat_Published=on&page=9
Wayne-Gossard Corp. v. Sondra Manufacturing Co. (3rd Cir. 1978),"Nos. 77-2329, 77-2330",1978-06-21,,0,,unknown,https://www.courtlistener.com/opinion/8918680/wayne-gossard-corp-v-sondra-manufacturing-co/?q=%22Patent+Marking%22&type=o&order_by=dateFiled+desc&stat_Published=on&page=9
"Chromium Industries, Inc. v. Mirror Polishing & Plating Co., Inc. (N.D. Ill. 1978)",75 C 3131,1978-03-15,,0,,unknown,https://www.courtlistener.com/opinion/2351562/chromium-industries-inc-v-mirror-polishing-plating-co-inc/?q=%22Patent+Marking%22&type=o&order_by=dateFiled+desc&stat_Published=on&page=9
United States v. Carrollton Manufacturing Co. (N.D. Ohio 1974),No. C70-349,1974-01-08,,0,,unknown,https://www.courtlistener.com/opinion/8830763/united-states-v-carrollton-manufacturing-co/?q=%22Patent+Marking%22&type=o&order_by=dateFiled+desc&stat_Published=on&page=9
Crane Co. v. Aeroquip Corporation (N.D. Ill. 1973),"72 C 1403, 72 C 2755",1973-09-18,,0,,unknown,https://www.courtlistener.com/opinion/2259119/crane-co-v-aeroquip-corporation/?q=%22Patent+Marking%22&type=o&order_by=dateFiled+desc&stat_Published=on&page=9
International Video Corporation v. Ampex Corporation (9th Cir. 1973),71-1935,1973-09-04,,0,,unknown,https://www.courtlistener.com/opinion/313413/international-video-corporation-v-ampex-corporation/?q=%22Patent+Marking%22&type=o&order_by=dateFiled+desc&stat_Published=on&page=9
In Re Multidistrict Litigation Involving Butterfield Patent Infringement (J.P.M.L. 1970),29,1970-02-02,,0,,unknown,https://www.courtlistener.com/opinion/1428241/in-re-multidistrict-litigation-involving-butterfield-patent-infringement/?q=%22Patent+Marking%22&type=o&order_by=dateFiled+desc&stat_Published=on&page=9
Epstein v. DENNISON MANUFACTURING COMPANY (S.D.N.Y. 1969),69 Civ. 3798,1969-10-29,,0,,unknown,https://www.courtlistener.com/opinion/1472476/epstein-v-dennison-manufacturing-company/?q=%22Patent+Marking%22&type=o&order_by=dateFiled+desc&stat_Published=on&page=9
Cavitron Corp. v. Ultrasonic Research Corp. (S.D. Fla. 1969),No. 66-856-Civ,1969-03-18,US Court of Appeals,0,,unknown,https://www.courtlistener.com/opinion/8789360/cavitron-corp-v-ultrasonic-research-corp/?q=%22Patent+Marking%22&type=o&order_by=dateFiled+desc&stat_Published=on&page=9
Eastman Kodak Co. v. E. I. DuPont De Nemours & Co. (E.D. Tenn. 1969),Civ. A. 6038,1969-02-11,,0,,unknown,https://www.courtlistener.com/opinion/1868542/eastman-kodak-co-v-e-i-dupont-de-nemours-co/?q=%22Patent+Marking%22&type=o&order_by=dateFiled+desc&stat_Published=on&page=9
"Uniroyal, Inc. v. Daly-Herring Co. (E.D.N.C. 1968)",Civ. A. No. 766,1968-06-27,,0,,unknown,https://www.courtlistener.com/opinion/8785545/uniroyal-inc-v-daly-herring-co/?q=%22Patent+Marking%22&type=o&order_by=dateFiled+desc&stat_Published=on&page=9
American Needle And Novelty Co. v. Schuessler Knitting Mills (7th Cir. 1967),15809,1967-07-19,,0,,unknown,https://www.courtlistener.com/opinion/276373/american-needle-and-novelty-co-v-schuessler-knitting-mills/?q=%22Patent+Marking%22&type=o&order_by=dateFiled+desc&stat_Published=on&page=9
"American Needle & Novelty Co. v. Schuessler Knitting Mills, Inc. (7th Cir. 1967)",No. 15809,1967-06-06,,0,,unknown,https://www.courtlistener.com/opinion/8891068/american-needle-novelty-co-v-schuessler-knitting-mills-inc/?q=%22Patent+Marking%22&type=o&order_by=dateFiled+desc&stat_Published=on&page=9
"Esther Marion Armstrong v. Motorola, Inc. (7th Cir. 1967)",14830_1,1967-03-22,,0,,unknown,https://www.courtlistener.com/opinion/275208/esther-marion-armstrong-v-motorola-inc/?q=%22Patent+Marking%22&type=o&order_by=dateFiled+desc&stat_Published=on&page=9
"Hensley Equipment Company, Inc. v. Esco Corporation (9th Cir. 1967)",20599,1967-03-03,,0,,unknown,https://www.courtlistener.com/opinion/275365/hensley-equipment-company-inc-v-esco-corporation/?q=%22Patent+Marking%22&type=o&order_by=dateFiled+desc&stat_Published=on&page=9
"Blumcraft of Pittsburgh, a Partnership, Consisting of Hyman Blum, Max Blum, Louis Blum and Harry P. Blum v. The United States (Ct. Cl. 1967)",38-63,1967-02-17,,0,,unknown,https://www.courtlistener.com/opinion/274782/blumcraft-of-pittsburgh-a-partnership-consisting-of-hyman-blum-max-blum/?q=%22Patent+Marking%22&type=o&order_by=dateFiled+desc&stat_Published=on&page=9
"Canaan Products, Inc. v. Edward Don & Company (N.D. Ill. 1966)",Civ. A. 64 C 70,1966-12-30,US Court of Appeals,0,,unknown,https://www.courtlistener.com/opinion/2248402/canaan-products-inc-v-edward-don-company/?q=%22Patent+Marking%22&type=o&order_by=dateFiled+desc&stat_Published=on&page=9
"Gridiron Steel Company, Claintiff-Appellant v. Jones & Laughlin Steel Corporation, Gridiron Steel Company v. Jones & Laughlin Steel Corporation (6th Cir. 1966)","16125, 16126",1966-06-11,,0,,unknown,https://www.courtlistener.com/opinion/272069/gridiron-steel-company-claintiff-appellant-v-jones-laughlin-steel/?q=%22Patent+Marking%22&type=o&order_by=dateFiled+desc&stat_Published=on&page=9
"American Needle & Novelty Co. v. Schuessler Knitting Mills, Inc. (N.D. Ill. 1966)",Civ. A. 64 C 1473,1966-06-07,,0,,unknown,https://www.courtlistener.com/opinion/1510770/american-needle-novelty-co-v-schuessler-knitting-mills-inc/?q=%22Patent+Marking%22&type=o&order_by=dateFiled+desc&stat_Published=on&page=9
Samuel J. Miller & Co. v. A. Schreter & Sons Co. (D. Maryland 1965),Civ. No. 13999,1965-10-19,,0,,unknown,https://www.courtlistener.com/opinion/8767031/samuel-j-miller-co-v-a-schreter-sons-co/?q=%22Patent+Marking%22&type=o&order_by=dateFiled+desc&stat_Published=on&page=9
Precision Dynamics Corp. v. American Hospital Supply Corp. (S.D. Cal. 1965),"Civ. A. 519-59, 342-60",1965-03-31,,0,,unknown,https://www.courtlistener.com/opinion/1950987/precision-dynamics-corp-v-american-hospital-supply-corp/?q=%22Patent+Marking%22&type=o&order_by=dateFiled+desc&stat_Published=on&page=10
"Katherine Sinclair Lewis, Administratrix of the Estate of Joseph W. Lewis, Jr. (Deceased) v. The United States (Ct. Cl. 1964)",457-59,1964-11-13,,0,,unknown,https://www.courtlistener.com/opinion/265869/katherine-sinclair-lewis-administratrix-of-the-estate-of-joseph-w-lewis/?q=%22Patent+Marking%22&type=o&order_by=dateFiled+desc&stat_Published=on&page=10
"Armstrong v. Motorola, Inc. (N.D. Ill. 1964)",No. 54 C 19,1964-05-14,,0,,unknown,https://www.courtlistener.com/opinion/8760535/armstrong-v-motorola-inc/?q=%22Patent+Marking%22&type=o&order_by=dateFiled+desc&stat_Published=on&page=10
"Adler Enterprises, Inc. v. Carson, Pirie, Scott & Co. (N.D. Ill. 1963)",Civ. A. No. 61 C 1744,1963-04-17,,0,,unknown,https://www.courtlistener.com/opinion/8755835/adler-enterprises-inc-v-carson-pirie-scott-co/?q=%22Patent+Marking%22&type=o&order_by=dateFiled+desc&stat_Published=on&page=10
"Eversharp, Inc. v. Fisher Pen Co. (N.D. Ill. 1961)",Civ. A. 56 C 77,1961-11-07,,0,,unknown,https://www.courtlistener.com/opinion/1417880/eversharp-inc-v-fisher-pen-co/?q=%22Patent+Marking%22&type=o&order_by=dateFiled+desc&stat_Published=on&page=10
"Consolidated Electrodynamics Corporation, a Corporation v. Midwestern Instruments, Inc., a Corporation (10th Cir. 1958)",5852_1,1958-10-24,,0,,unknown,https://www.courtlistener.com/opinion/246453/consolidated-electrodynamics-corporation-a-corporation-v-midwestern/?q=%22Patent+Marking%22&type=o&order_by=dateFiled+desc&stat_Published=on&page=10
Clapper v. Original Tractor Cab Company (S.D. Ind. 1958),Civ. 2255,1958-07-09,,0,,unknown,https://www.courtlistener.com/opinion/1751069/clapper-v-original-tractor-cab-company/?q=%22Patent+Marking%22&type=o&order_by=dateFiled+desc&stat_Published=on&page=10
Sel-O-Rak Corp. v. Henry Hanger & Display Fixture Corp. (S.D. Fla. 1958),Civ. 4843-M,1958-02-26,,0,,unknown,https://www.courtlistener.com/opinion/2343793/sel-o-rak-corp-v-henry-hanger-display-fixture-corp/?q=%22Patent+Marking%22&type=o&order_by=dateFiled+desc&stat_Published=on&page=10
Wing Engineering Corp. v. United States (Ct. Cl. 1957),Nos. 49768 and 93-53,1957-05-08,,0,,unknown,https://www.courtlistener.com/opinion/8613012/wing-engineering-corp-v-united-states/?q=%22Patent+Marking%22&type=o&order_by=dateFiled+desc&stat_Published=on&page=10
Rayco Manufacturing Co. v. Chicopee Manufacturing Corp. (S.D.N.Y. 1957),,1957-01-22,,0,,unknown,https://www.courtlistener.com/opinion/1875076/rayco-manufacturing-co-v-chicopee-manufacturing-corp/?q=%22Patent+Marking%22&type=o&order_by=dateFiled+desc&stat_Published=on&page=10
United States v. Bearing Distributors Co. (W.D. Mo. 1955),No. 6895,1955-10-31,,0,,unknown,https://www.courtlistener.com/opinion/9052268/united-states-v-bearing-distributors-co/?q=%22Patent+Marking%22&type=o&order_by=dateFiled+desc&stat_Published=on&page=10
"Bristol Laboratories, Inc. v. Schenley Laboratories, Inc. (S.D. Ind. 1953)",Civ. No. 3033,1953-09-17,,0,,unknown,https://www.courtlistener.com/opinion/8735274/bristol-laboratories-inc-v-schenley-laboratories-inc/?q=%22Patent+Marking%22&type=o&order_by=dateFiled+desc&stat_Published=on&page=10
"Q-Tips, Inc. v. Johnson & Johnson (D.N.J. 1952)","Civ. A. 10415, 28449",1952-11-20,,0,,unknown,https://www.courtlistener.com/opinion/1417414/q-tips-inc-v-johnson-johnson/?q=%22Patent+Marking%22&type=o&order_by=dateFiled+desc&stat_Published=on&page=10
Lámar v. Granger (W.D. Pa. 1951),Civ. 7726,1951-07-03,,0,,unknown,https://www.courtlistener.com/opinion/1977431/lamar-v-granger/?q=%22Patent+Marking%22&type=o&order_by=dateFiled+desc&stat_Published=on&page=10
Bruen v. Huff (W.D. Pa. 1950),Civ. No. 7169,1950-09-24,,0,,unknown,https://www.courtlistener.com/opinion/8732062/bruen-v-huff/?q=%22Patent+Marking%22&type=o&order_by=dateFiled+desc&stat_Published=on&page=10
"Bostitch, Inc. v. Precision Staple Corporation (2d Cir. 1949)","55, Docket 21421",1949-12-12,,0,,unknown,https://www.courtlistener.com/opinion/223860/bostitch-inc-v-precision-staple-corporation/?q=%22Patent+Marking%22&type=o&order_by=dateFiled+desc&stat_Published=on&page=10
United States v. General Electric Co. (D.N.J. 1949),Civ. A. 1364,1949-04-04,,0,,unknown,https://www.courtlistener.com/opinion/1755675/united-states-v-general-electric-co/?q=%22Patent+Marking%22&type=o&order_by=dateFiled+desc&stat_Published=on&page=10
Calderwood v. Mansfield (N.D. Cal. 1947),26195-G,1947-04-22,US Court of Appeals,0,,unknown,https://www.courtlistener.com/opinion/1674749/calderwood-v-mansfield/?q=%22Patent+Marking%22&type=o&order_by=dateFiled+desc&stat_Published=on&page=10
"Treasure Imports, Inc. v. Henry Amdur & Sons, Inc. (S.D.N.Y. 1941)",,1941-05-07,,0,,unknown,https://www.courtlistener.com/opinion/8844557/treasure-imports-inc-v-henry-amdur-sons-inc/?q=%22Patent+Marking%22&type=o&order_by=dateFiled+desc&stat_Published=on&page=10
Sure-Fit Products Co. v. Med-Vogue Corp. (E.D. Pa. 1939),No. 48,1939-07-06,,0,,unknown,https://www.courtlistener.com/opinion/8779673/sure-fit-products-co-v-med-vogue-corp/?q=%22Patent+Marking%22&type=o&order_by=dateFiled+desc&stat_Published=on&page=10
Gillette Safety Razor Co. v. Standard Safety Razor Corp. (D. Conn. 1932),No. 2233,1932-12-08,,0,,unknown,https://www.courtlistener.com/opinion/6787191/gillette-safety-razor-co-v-standard-safety-razor-corp/?q=%22Patent+Marking%22&type=o&order_by=dateFiled+desc&stat_Published=on&page=11
Bassick Mfg. Co. v. Adams Grease Gun Corporation (2d Cir. 1931),"142, 143",1931-07-14,,0,,unknown,https://www.courtlistener.com/opinion/1499969/bassick-mfg-co-v-adams-grease-gun-corporation/?q=%22Patent+Marking%22&type=o&order_by=dateFiled+desc&stat_Published=on&page=11
Ransome Concrete Co. v. German-American Button Co. (2d Cir. 1912),No. 126,1912-12-09,,0,,unknown,https://www.courtlistener.com/opinion/8802149/ransome-concrete-co-v-german-american-button-co/?q=%22Patent+Marking%22&type=o&order_by=dateFiled+desc&stat_Published=on&page=11
J. A. Scriven Co. v. W. H. Towles Manufacturing Co. (D.C. Cir. 1909),No. 509,1909-01-05,,0,,unknown,https://www.courtlistener.com/opinion/7358725/j-a-scriven-co-v-w-h-towles-manufacturing-co/?q=%22Patent+Marking%22&type=o&order_by=dateFiled+desc&stat_Published=on&page=11
